{
   "id": 3,
   "user_id": 999999,
   "vehicle_id": 99999999999,
   "vin": "5YJ00000000000003",
   "display_name": "Car 3",
   "option_codes": "AD15,MDL3,PBSB,RENA,BT37,ID3W,RF3G,S3PB,DRLH,DV2W,W39B,APF0,COUS,BC3B,CH07,PC30,FC3P,FG31,GLFR,HL31,HM31,IL31,LTPB,MR31,FM3B,RS3H,SA3P,STCP,SC04,SU3C,T3CA,TW00,TM00,UT3P,WR00,AU3P,APH3,AF00,ZCST,MI00,CDM0",
   "color": null,
   "tokens": [],
   "state": "online",
   "in_service": false,
   "id_s": "3",
   "calendar_enabled": true,
   "api_version": 6,
   "backseat_token": null,
   "backseat_token_updated_at": null,
   "charge_state": {
      "battery_heater_on": false,
      "battery_level": 76,
      "battery_range": 233.34,
      "charge_current_request": 5,
      "charge_current_request_max": 5,
      "charge_enable_request": true,
      "charge_energy_added": 34.76,
      "charge_limit_soc": 100,
      "charge_limit_soc_max": 100,
      "charge_limit_soc_min": 50,
      "charge_limit_soc_std": 90,
      "charge_miles_added_ideal": 142.0,
      "charge_miles_added_rated": 142.0,
      "charge_port_cold_weather_mode": false,
      "charge_port_door_open": true,
      "charge_port_latch": "Engaged",
      "charge_rate": 298.6,
      "charge_to_max_range": true,
      "charger_actual_current": 0,
      "charger_phases": null,
      "charger_pilot_current": 16,
      "charger_power": 73,
      "charger_voltage": 2,
      "charging_state": "Charging",
      "conn_charge_cable": "IEC",
      "est_battery_range": 250.12,
      "fast_charger_brand": "Tesla",
      "fast_charger_present": true,
      "fast_charger_type": "Combo",
      "ideal_battery_range": 233.34,
      "managed_charging_active": false,
      "managed_charging_start_time": null,
      "managed_charging_user_canceled": false,
      "max_range_charge_counter": 0,
      "not_enough_power_to_heat": null,
      "scheduled_charging_pending": false,
      "scheduled_charging_start_time": null,
      "time_to_full_charge": 0.5,
      "timestamp": 1563019121307,
      "trip_charging": false,
      "usable_battery_level": 76,
      "user_charge_enable_request": null
   },
   "climate_state": {
      "battery_heater": false,
      "battery_heater_no_power": null,
      "climate_keeper_mode": "off",
      "driver_temp_setting": 24.0,
      "fan_status": 4,
      "inside_temp": 24.1,
      "is_auto_conditioning_on": true,
      "is_climate_on": true,
      "is_front_defroster_on": false,
      "is_preconditioning": false,
      "is_rear_defroster_on": false,
      "left_temp_direction": -323,
      "max_avail_temp": 28.0,
      "min_avail_temp": 15.0,
      "outside_temp": 34.0,
      "passenger_temp_setting": 24.0,
      "remote_heater_control_enabled": true,
      "right_temp_direction": -328,
      "seat_heater_left": 0,
      "seat_heater_rear_center": 0,
      "seat_heater_rear_left": 0,
      "seat_heater_rear_right": 0,
      "seat_heater_right": 0,
      "side_mirror_heaters": false,
      "smart_preconditioning": false,
      "timestamp": 1563019121307,
      "wiper_blade_heater": false
   },
   "drive_state": {
      "gps_as_of": 1563019120,
      "heading": 82,
      "latitude": 40.290168,
      "longitude": -3.696285,
      "native_latitude": 40.290168,
      "native_location_supported": 1,
      "native_longitude": -3.696285,
      "native_type": "wgs",
      "power": -73,
      "shift_state": null,
      "speed": null,
      "timestamp": 1563019121307
   },
   "gui_settings": {
      "gui_24_hour_time": true,
      "gui_charge_rate_units": "kW",
      "gui_distance_units": "km/hr",
      "gui_range_display": "Rated",
      "gui_temperature_units": "C",
      "show_range_units": false,
      "timestamp": 1563019121307
   },
   "vehicle_config": {
      "can_accept_navigation_requests": true,
      "can_actuate_trunks": true,
      "car_special_type": "base",
      "car_type": "model3",
      "charge_port_type": "CCS",
      "eu_vehicle": true,
      "exterior_color": "DeepBlue",
      "has_air_suspension": false,
      "has_ludicrous_mode": false,
      "key_version": 1,
      "motorized_charge_port": true,
      "plg": null,
      "rear_seat_heaters": 1,
      "rear_seat_type": null,
      "rhd": false,
      "roof_color": "Glass",
      "seat_type": null,
      "spoiler_type": "None",
      "sun_roof_installed": null,
      "third_row_seats": "<invalid>",
      "timestamp": 1563019121307,
      "use_range_badging": true,
      "wheel_type": "Stiletto19"
   },
   "vehicle_state": {
      "api_version": 6,
      "autopark_state_v2": "unavailable",
      "calendar_supported": true,
      "car_version": "2019.20.4.4 edb5360",
      "center_display_state": 2,
      "df": 0,
      "dr": 0,
      "ft": 0,
      "is_user_present": true,
      "locked": true,
      "media_state": {
         "remote_control_enabled": true
      },
      "notifications_supported": true,
      "odometer": 4576.128752,
      "parsed_calendar_supported": true,
      "pf": 0,
      "pr": 0,
      "remote_start": false,
      "remote_start_enabled": true,
      "remote_start_supported": true,
      "rt": 0,
      "sentry_mode": true,
      "sentry_mode_available": true,
      "software_update": {
         "expected_duration_sec": 2700,
         "status": ""
      },
      "speed_limit_mode": {
         "active": false,
         "current_limit_mph": 86.864113,
         "max_limit_mph": 90,
         "min_limit_mph": 50,
         "pin_code_set": false
      },
      "sun_roof_percent_open": null,
      "sun_roof_state": "unknown",
      "timestamp": 1563019121307,
      "valet_mode": false,
      "valet_pin_needed": true,
      "vehicle_name": "Car 3"
   }
}